http://www.sakunori.tokyo.jp/entry/yamanote.japanese
http://www.sakunori.tokyo.jp/entry/ahinagawa.jo9/10chaku
http://www.sakunori.tokyo.jp/entry/akabane.4
http://www.sakunori.tokyo.jp/entry/akabane.kh1
http://www.sakunori.tokyo.jp/entry/akabane.kh2
http://www.sakunori.tokyo.jp/entry/akabane.ss5
http://www.sakunori.tokyo.jp/entry/akabane.ss6
http://www.sakunori.tokyo.jp/entry/akabane/3
http://www.sakunori.tokyo.jp/entry/akabane7saikyo
http://www.sakunori.tokyo.jp/entry/akabane8saikyo
http://www.sakunori.tokyo.jp/entry/akihabara.kh4
http://www.sakunori.tokyo.jp/entry/akihabara.sob5
http://www.sakunori.tokyo.jp/entry/akihabara.sob6
http://www.sakunori.tokyo.jp/entry/akihabara.yamanote.2
http://www.sakunori.tokyo.jp/entry/akihabara.yamanote.3
http://www.sakunori.tokyo.jp/entry/akihabara/kh1
http://www.sakunori.tokyo.jp/entry/asagaya.chuou3
http://www.sakunori.tokyo.jp/entry/asagaya.chuou4
http://www.sakunori.tokyo.jp/entry/asagaya.sob1
http://www.sakunori.tokyo.jp/entry/asagaya.sob2
http://www.sakunori.tokyo.jp/entry/asakusabashi1
http://www.sakunori.tokyo.jp/entry/asakusabashi2
http://www.sakunori.tokyo.jp/entry/ayase.12
http://www.sakunori.tokyo.jp/entry/ayase34
http://www.sakunori.tokyo.jp/entry/bakurocho.1
http://www.sakunori.tokyo.jp/entry/bakurocho.2
http://www.sakunori.tokyo.jp/entry/chuou.japanese
http://www.sakunori.tokyo.jp/entry/ebisu.3saikyo
http://www.sakunori.tokyo.jp/entry/ebisu.3ss
http://www.sakunori.tokyo.jp/entry/ebisu.4saikyo
http://www.sakunori.tokyo.jp/entry/ebisu.yamanote1
http://www.sakunori.tokyo.jp/entry/ebisu.yamanote2
http://www.sakunori.tokyo.jp/entry/ebisu4ss
http://www.sakunori.tokyo.jp/entry/etcyujima1
http://www.sakunori.tokyo.jp/entry/etcyujima2
http://www.sakunori.tokyo.jp/entry/g/akasaka-mitsuke
http://www.sakunori.tokyo.jp/entry/g/aoyama-itchome
http://www.sakunori.tokyo.jp/entry/g/asakusa
http://www.sakunori.tokyo.jp/entry/g/gaiemmae
http://www.sakunori.tokyo.jp/entry/g/ginza
http://www.sakunori.tokyo.jp/entry/g/inaricho
http://www.sakunori.tokyo.jp/entry/g/kanda
http://www.sakunori.tokyo.jp/entry/g/kyobashi
http://www.sakunori.tokyo.jp/entry/g/mitsukoshimae
http://www.sakunori.tokyo.jp/entry/g/nihombashi
http://www.sakunori.tokyo.jp/entry/g/omote-sando
http://www.sakunori.tokyo.jp/entry/g/shibuya
http://www.sakunori.tokyo.jp/entry/g/shimbashi
http://www.sakunori.tokyo.jp/entry/g/suehirocho
http://www.sakunori.tokyo.jp/entry/g/tameike-sanno
http://www.sakunori.tokyo.jp/entry/g/tawaramachi
http://www.sakunori.tokyo.jp/entry/g/toranomon
http://www.sakunori.tokyo.jp/entry/g/ueno
http://www.sakunori.tokyo.jp/entry/g/ueno-hirokoji
http://www.sakunori.tokyo.jp/entry/gotanda.yamanote.1
http://www.sakunori.tokyo.jp/entry/gotanda.yamanote.2
http://www.sakunori.tokyo.jp/entry/hacchoubori1
http://www.sakunori.tokyo.jp/entry/hacchoubori2
http://www.sakunori.tokyo.jp/entry/hamamatsucho.2jpn
http://www.sakunori.tokyo.jp/entry/hamamatsucho.3jpn
http://www.sakunori.tokyo.jp/entry/hamamatsucho.kh1
http://www.sakunori.tokyo.jp/entry/hamamatsucho.kh4
http://www.sakunori.tokyo.jp/entry/harajuku.yamanote1
http://www.sakunori.tokyo.jp/entry/harajuku.yamanote2
http://www.sakunori.tokyo.jp/entry/higashijujo.kh1
http://www.sakunori.tokyo.jp/entry/higashijujo.kh4
http://www.sakunori.tokyo.jp/entry/higashinakano.1
http://www.sakunori.tokyo.jp/entry/higashinakano.2
http://www.sakunori.tokyo.jp/entry/hirai.2
http://www.sakunori.tokyo.jp/entry/hirai1
http://www.sakunori.tokyo.jp/entry/ichigaya.1
http://www.sakunori.tokyo.jp/entry/ichigaya.2
http://www.sakunori.tokyo.jp/entry/iidabashi.1
http://www.sakunori.tokyo.jp/entry/iidabashi.2
http://www.sakunori.tokyo.jp/entry/ikebukuro.ss2
http://www.sakunori.tokyo.jp/entry/ikebukuro.ss3
http://www.sakunori.tokyo.jp/entry/ikebukuro.yamanote56
http://www.sakunori.tokyo.jp/entry/ikebukuro.yamanote78jpn
http://www.sakunori.tokyo.jp/entry/ikebukuro1saikyo
http://www.sakunori.tokyo.jp/entry/ikebukuro4saikyo
http://www.sakunori.tokyo.jp/entry/itabashi1
http://www.sakunori.tokyo.jp/entry/itabashi2
http://www.sakunori.tokyo.jp/entry/joban.jpn
http://www.sakunori.tokyo.jp/entry/jujo1
http://www.sakunori.tokyo.jp/entry/jujo2
http://www.sakunori.tokyo.jp/entry/kamata_kh%2C12
http://www.sakunori.tokyo.jp/entry/kamata_kh%2C34
http://www.sakunori.tokyo.jp/entry/kameari1
http://www.sakunori.tokyo.jp/entry/kameari2
http://www.sakunori.tokyo.jp/entry/kameido.1
http://www.sakunori.tokyo.jp/entry/kameido.2
http://www.sakunori.tokyo.jp/entry/kaminakazato.kh1
http://www.sakunori.tokyo.jp/entry/kaminakazato.kh2
http://www.sakunori.tokyo.jp/entry/kanamachi1
http://www.sakunori.tokyo.jp/entry/kanamachi2
http://www.sakunori.tokyo.jp/entry/kanda.chuo.5
http://www.sakunori.tokyo.jp/entry/kanda.kh1
http://www.sakunori.tokyo.jp/entry/kanda.kh4
http://www.sakunori.tokyo.jp/entry/kanda.yamanote.2
http://www.sakunori.tokyo.jp/entry/kanda.yamanote.3
http://www.sakunori.tokyo.jp/entry/kanda/chuo.6
http://www.sakunori.tokyo.jp/entry/kasairinkaikoen1
http://www.sakunori.tokyo.jp/entry/kasairinkaikoen2
http://www.sakunori.tokyo.jp/entry/keihintohoku.japanese
http://www.sakunori.tokyo.jp/entry/keiyo.jpn
http://www.sakunori.tokyo.jp/entry/kichijo.chuo3
http://www.sakunori.tokyo.jp/entry/kichijo.chuo4
http://www.sakunori.tokyo.jp/entry/kichijo.sob1
http://www.sakunori.tokyo.jp/entry/kichijo.sob2
http://www.sakunori.tokyo.jp/entry/kinshicho.sob1
http://www.sakunori.tokyo.jp/entry/kinshicho.sob2
http://www.sakunori.tokyo.jp/entry/kinshicho.sobk3
http://www.sakunori.tokyo.jp/entry/kinshicho.sobk4
http://www.sakunori.tokyo.jp/entry/kitaakabane1
http://www.sakunori.tokyo.jp/entry/kitaakabane2
http://www.sakunori.tokyo.jp/entry/kitasenju1
http://www.sakunori.tokyo.jp/entry/kitasenju23
http://www.sakunori.tokyo.jp/entry/koenji.chuo.3
http://www.sakunori.tokyo.jp/entry/koenji.chuo4
http://www.sakunori.tokyo.jp/entry/koenji.sobu.1
http://www.sakunori.tokyo.jp/entry/koenji.sobu.2
http://www.sakunori.tokyo.jp/entry/koiwa.1
http://www.sakunori.tokyo.jp/entry/koiwa2
http://www.sakunori.tokyo.jp/entry/komagome.yamanote.1
http://www.sakunori.tokyo.jp/entry/komagome.yamanote.2
http://www.sakunori.tokyo.jp/entry/maihama.1
http://www.sakunori.tokyo.jp/entry/maihama.2
http://www.sakunori.tokyo.jp/entry/meguro.yamanote1
http://www.sakunori.tokyo.jp/entry/meguro.yamanote2
http://www.sakunori.tokyo.jp/entry/mejiro.yamanote1
http://www.sakunori.tokyo.jp/entry/mejiro.yamanote2
http://www.sakunori.tokyo.jp/entry/mikawashima.jo1
http://www.sakunori.tokyo.jp/entry/mikawashima.jo2
http://www.sakunori.tokyo.jp/entry/minamisenju1
http://www.sakunori.tokyo.jp/entry/minamisenju2
http://www.sakunori.tokyo.jp/entry/nakano.chuo.6
http://www.sakunori.tokyo.jp/entry/nakano.chuo.7/8
http://www.sakunori.tokyo.jp/entry/nakano.sobu1/3
http://www.sakunori.tokyo.jp/entry/nakano.sobu2/5
http://www.sakunori.tokyo.jp/entry/niahiogi.chuou3
http://www.sakunori.tokyo.jp/entry/nippori.jo3
http://www.sakunori.tokyo.jp/entry/nippori.jo4
http://www.sakunori.tokyo.jp/entry/nippori.kh12
http://www.sakunori.tokyo.jp/entry/nippori.kh9
http://www.sakunori.tokyo.jp/entry/nippori.yamanote10
http://www.sakunori.tokyo.jp/entry/nippori.yamanote11
http://www.sakunori.tokyo.jp/entry/nishinippori.kh1
http://www.sakunori.tokyo.jp/entry/nishinippori.yamanote.2
http://www.sakunori.tokyo.jp/entry/nishinippori.yamanote.3
http://www.sakunori.tokyo.jp/entry/nishiogi.chuou4
http://www.sakunori.tokyo.jp/entry/nishiogi.sob1
http://www.sakunori.tokyo.jp/entry/nishiogi.sob2
http://www.sakunori.tokyo.jp/entry/nishiooi.1ss
http://www.sakunori.tokyo.jp/entry/nishiooi.2.yokosuka
http://www.sakunori.tokyo.jp/entry/nishiooi/1yokosuka
http://www.sakunori.tokyo.jp/entry/nishiooi2ss
http://www.sakunori.tokyo.jp/entry/nshinippori.kh4
http://www.sakunori.tokyo.jp/entry/ocha.chuo.1
http://www.sakunori.tokyo.jp/entry/ocha.chuo.4
http://www.sakunori.tokyo.jp/entry/ocha.sobu.2
http://www.sakunori.tokyo.jp/entry/ocha.sobu.3
http://www.sakunori.tokyo.jp/entry/ogikubo.chuo3
http://www.sakunori.tokyo.jp/entry/ogikubo.chuo4
http://www.sakunori.tokyo.jp/entry/ogikubo.sob1
http://www.sakunori.tokyo.jp/entry/ogikubo.sob2
http://www.sakunori.tokyo.jp/entry/oji.kh1
http://www.sakunori.tokyo.jp/entry/oji.kh2
http://www.sakunori.tokyo.jp/entry/okachimachi.kh4
http://www.sakunori.tokyo.jp/entry/okachimachi.yamanote2
http://www.sakunori.tokyo.jp/entry/okachimachi.yamanote3
http://www.sakunori.tokyo.jp/entry/okchimachi.kh1
http://www.sakunori.tokyo.jp/entry/oku1
http://www.sakunori.tokyo.jp/entry/oku2
http://www.sakunori.tokyo.jp/entry/okubo.1
http://www.sakunori.tokyo.jp/entry/okubo.2
http://www.sakunori.tokyo.jp/entry/ooimachi.keihin1
http://www.sakunori.tokyo.jp/entry/ooimachi.keihin2
http://www.sakunori.tokyo.jp/entry/oomori.kh.1
http://www.sakunori.tokyo.jp/entry/oomori.kh.2
http://www.sakunori.tokyo.jp/entry/oosaki.5/6saikyo
http://www.sakunori.tokyo.jp/entry/oosaki.5ss
http://www.sakunori.tokyo.jp/entry/oosaki.7/8saikyo
http://www.sakunori.tokyo.jp/entry/oosaki.8ss
http://www.sakunori.tokyo.jp/entry/oosaki.yamanote.12
http://www.sakunori.tokyo.jp/entry/oosaki.yamanote.34
http://www.sakunori.tokyo.jp/entry/ootsuka.yamanote.1
http://www.sakunori.tokyo.jp/entry/ootsuka.yamanote.2
http://www.sakunori.tokyo.jp/entry/ryogoku.1
http://www.sakunori.tokyo.jp/entry/ryogoku.2
http://www.sakunori.tokyo.jp/entry/saikyo.jpn
http://www.sakunori.tokyo.jp/entry/sendagaya.1
http://www.sakunori.tokyo.jp/entry/sendagaya.2
http://www.sakunori.tokyo.jp/entry/shibuya.3saikyo
http://www.sakunori.tokyo.jp/entry/shibuya.3ss
http://www.sakunori.tokyo.jp/entry/shibuya.4saikyo
http://www.sakunori.tokyo.jp/entry/shibuya.yamanote1
http://www.sakunori.tokyo.jp/entry/shibuya.yamanote2
http://www.sakunori.tokyo.jp/entry/shibuya4ss
http://www.sakunori.tokyo.jp/entry/shimbashi.jo1
http://www.sakunori.tokyo.jp/entry/shimbashi.jo2
http://www.sakunori.tokyo.jp/entry/shimbashi.kh3
http://www.sakunori.tokyo.jp/entry/shimbashi.kh6
http://www.sakunori.tokyo.jp/entry/shimbashi.tokaido1
http://www.sakunori.tokyo.jp/entry/shimbashi.yokosuka1
http://www.sakunori.tokyo.jp/entry/shimbashi.yokosuka2
http://www.sakunori.tokyo.jp/entry/shimbashi4yamanote.jpn
http://www.sakunori.tokyo.jp/entry/shimbashi5yamanote.jpn
http://www.sakunori.tokyo.jp/entry/shinagawa.15yokosuka
http://www.sakunori.tokyo.jp/entry/shinagawa.6/utl
http://www.sakunori.tokyo.jp/entry/shinagawa.jo.11hatsu
http://www.sakunori.tokyo.jp/entry/shinagawa.jo11.chaku
http://www.sakunori.tokyo.jp/entry/shinagawa.jo9/10
http://www.sakunori.tokyo.jp/entry/shinagawa.kh.3
http://www.sakunori.tokyo.jp/entry/shinagawa.kh.4
http://www.sakunori.tokyo.jp/entry/shinagawa.tokaido11/12
http://www.sakunori.tokyo.jp/entry/shinagawa13/14yokosuka
http://www.sakunori.tokyo.jp/entry/shinagawa1yamanote
http://www.sakunori.tokyo.jp/entry/shinagawa2yamanote
http://www.sakunori.tokyo.jp/entry/shinano.1
http://www.sakunori.tokyo.jp/entry/shinano.2
http://www.sakunori.tokyo.jp/entry/shinjuku.chuo11/12
http://www.sakunori.tokyo.jp/entry/shinjuku.chuo7/8
http://www.sakunori.tokyo.jp/entry/shinjuku.sobu13
http://www.sakunori.tokyo.jp/entry/shinjuku.sobu16
http://www.sakunori.tokyo.jp/entry/shinjuku.ss12
http://www.sakunori.tokyo.jp/entry/shinjuku.ss34
http://www.sakunori.tokyo.jp/entry/shinjuku.yamanote.jp14
http://www.sakunori.tokyo.jp/entry/shinjuku1saikyo
http://www.sakunori.tokyo.jp/entry/shinjuku3/4saikyo
http://www.sakunori.tokyo.jp/entry/shinjyuku.yamanote15
http://www.sakunori.tokyo.jp/entry/shinkiba1
http://www.sakunori.tokyo.jp/entry/shinkiba2
http://www.sakunori.tokyo.jp/entry/shinkoiwa.1
http://www.sakunori.tokyo.jp/entry/shinkoiwa.2
http://www.sakunori.tokyo.jp/entry/shinkoiwa.sobk.3
http://www.sakunori.tokyo.jp/entry/shinkoiwa.sobk4
http://www.sakunori.tokyo.jp/entry/shinnihonbashi1
http://www.sakunori.tokyo.jp/entry/shinnihonbashi2
http://www.sakunori.tokyo.jp/entry/shinokubo.yamanote1
http://www.sakunori.tokyo.jp/entry/shinokubo.yamanote2
http://www.sakunori.tokyo.jp/entry/shiomi1
http://www.sakunori.tokyo.jp/entry/shiomi2
http://www.sakunori.tokyo.jp/entry/shonanshinjuku.jpn
http://www.sakunori.tokyo.jp/entry/sobuline/jpn
http://www.sakunori.tokyo.jp/entry/sugamo.yamanote.1
http://www.sakunori.tokyo.jp/entry/sugamo.yamanote2
http://www.sakunori.tokyo.jp/entry/suidobashi.1
http://www.sakunori.tokyo.jp/entry/suidobashi.2
http://www.sakunori.tokyo.jp/entry/tabata.kh1
http://www.sakunori.tokyo.jp/entry/tabata.kh4
http://www.sakunori.tokyo.jp/entry/tabata.yamanote.2
http://www.sakunori.tokyo.jp/entry/tabata.yamanote.3
http://www.sakunori.tokyo.jp/entry/takadanobaba.yamanote1
http://www.sakunori.tokyo.jp/entry/takadanobaba.yamanote2
http://www.sakunori.tokyo.jp/entry/takasaki/tokaido
http://www.sakunori.tokyo.jp/entry/tamachi.kh.1
http://www.sakunori.tokyo.jp/entry/tamachi.kh.4
http://www.sakunori.tokyo.jp/entry/tamachi.yamanote.2jpn
http://www.sakunori.tokyo.jp/entry/tamachi.yamanote.3jpn
http://www.sakunori.tokyo.jp/entry/toei.m/itabashikuyakusyomae.jp
http://www.sakunori.tokyo.jp/entry/toei/a/asakusa.jp
http://www.sakunori.tokyo.jp/entry/toei/a/asakusabashi.jp
http://www.sakunori.tokyo.jp/entry/toei/a/daimon.jp
http://www.sakunori.tokyo.jp/entry/toei/a/gotanda.jp
http://www.sakunori.tokyo.jp/entry/toei/a/higashi-nihombashi.jp
http://www.sakunori.tokyo.jp/entry/toei/a/higashiginza.jp
http://www.sakunori.tokyo.jp/entry/toei/a/honjo-azumabashi.jp
http://www.sakunori.tokyo.jp/entry/toei/a/kuramae.jp
http://www.sakunori.tokyo.jp/entry/toei/a/magome.jp
http://www.sakunori.tokyo.jp/entry/toei/a/mita.jp
http://www.sakunori.tokyo.jp/entry/toei/a/nakanobu.jp
http://www.sakunori.tokyo.jp/entry/toei/a/nihombashi.jp
http://www.sakunori.tokyo.jp/entry/toei/a/ningyocho.jp
http://www.sakunori.tokyo.jp/entry/toei/a/nishi-magome.jp
http://www.sakunori.tokyo.jp/entry/toei/a/oshiage.jp
http://www.sakunori.tokyo.jp/entry/toei/a/sengakuji.jp
http://www.sakunori.tokyo.jp/entry/toei/a/shimbashi.jp
http://www.sakunori.tokyo.jp/entry/toei/a/takanawadai.jp
http://www.sakunori.tokyo.jp/entry/toei/a/takaracho.jp
http://www.sakunori.tokyo.jp/entry/toei/a/togoshi.jp
http://www.sakunori.tokyo.jp/entry/toei/m/hakusan.jp
http://www.sakunori.tokyo.jp/entry/toei/m/hasune.jp
http://www.sakunori.tokyo.jp/entry/toei/m/hibiya.jp
http://www.sakunori.tokyo.jp/entry/toei/m/itabashihoncho.jp
http://www.sakunori.tokyo.jp/entry/toei/m/jimbocho.jp
http://www.sakunori.tokyo.jp/entry/toei/m/kasuga.jp
http://www.sakunori.tokyo.jp/entry/toei/m/mguro.jp
http://www.sakunori.tokyo.jp/entry/toei/m/mita.jp
http://www.sakunori.tokyo.jp/entry/toei/m/motohasunuma.jp
http://www.sakunori.tokyo.jp/entry/toei/m/nishi-sugamo.jp
http://www.sakunori.tokyo.jp/entry/toei/m/nishi-takashimadaira.jp
http://www.sakunori.tokyo.jp/entry/toei/m/nishidai.jp
http://www.sakunori.tokyo.jp/entry/toei/m/onarimon.jp
http://www.sakunori.tokyo.jp/entry/toei/m/otemachi.jp
http://www.sakunori.tokyo.jp/entry/toei/m/sengoku.jp
http://www.sakunori.tokyo.jp/entry/toei/m/shibakoen.jp
http://www.sakunori.tokyo.jp/entry/toei/m/shimura-sakaue.jp
http://www.sakunori.tokyo.jp/entry/toei/m/shimura-sanchome.jp
http://www.sakunori.tokyo.jp/entry/toei/m/shin-itabashi.jp
http://www.sakunori.tokyo.jp/entry/toei/m/shin-takashimadaira.jp
http://www.sakunori.tokyo.jp/entry/toei/m/shirokane-takanawa.jp
http://www.sakunori.tokyo.jp/entry/toei/m/shirokanedai.jp
http://www.sakunori.tokyo.jp/entry/toei/m/sugamo.jp
http://www.sakunori.tokyo.jp/entry/toei/m/suidobashi.jp
http://www.sakunori.tokyo.jp/entry/toei/m/takashimadaira.jp
http://www.sakunori.tokyo.jp/entry/toei/m/uchisaiwaicho.jp
http://www.sakunori.tokyo.jp/entry/toei/o/akabanebashi.jp
http://www.sakunori.tokyo.jp/entry/toei/o/aoyama-itchome.jp
http://www.sakunori.tokyo.jp/entry/toei/o/azabu-juban.jp
http://www.sakunori.tokyo.jp/entry/toei/o/daimon.jp
http://www.sakunori.tokyo.jp/entry/toei/o/higashi-nakano.jp
http://www.sakunori.tokyo.jp/entry/toei/o/higashi-shinjuku.jp
http://www.sakunori.tokyo.jp/entry/toei/o/hikarigaoka.jp
http://www.sakunori.tokyo.jp/entry/toei/o/hongo-sanchome.jp
http://www.sakunori.tokyo.jp/entry/toei/o/iidabashi.jp
http://www.sakunori.tokyo.jp/entry/toei/o/kachidoki.jp
http://www.sakunori.tokyo.jp/entry/toei/o/kasuga.jp
http://www.sakunori.tokyo.jp/entry/toei/o/kiyosumi-shirakawa.jp
http://www.sakunori.tokyo.jp/entry/toei/o/kokuritsu-kyogijo.jp
http://www.sakunori.tokyo.jp/entry/toei/o/kuramae-jp
http://www.sakunori.tokyo.jp/entry/toei/o/monzen-nakacho.jp
http://www.sakunori.tokyo.jp/entry/toei/o/morishita.jp
http://www.sakunori.tokyo.jp/entry/toei/o/nakai.jp
http://www.sakunori.tokyo.jp/entry/toei/o/nakano-sakaue.jp
http://www.sakunori.tokyo.jp/entry/toei/o/nerima-kasugacho.jp
http://www.sakunori.tokyo.jp/entry/toei/o/nerima.jp
http://www.sakunori.tokyo.jp/entry/toei/o/nishi-shinjuku-gchome.jp
http://www.sakunori.tokyo.jp/entry/toei/o/ochiai-minami-nagasaki.jp
http://www.sakunori.tokyo.jp/entry/toei/o/roppngi.jp
http://www.sakunori.tokyo.jp/entry/toei/o/ryogoku.jp
http://www.sakunori.tokyo.jp/entry/toei/o/shin-egota.jp
http://www.sakunori.tokyo.jp/entry/toei/o/shin-okachimachi.jp
http://www.sakunori.tokyo.jp/entry/toei/o/shinjuku-nishiguchi.jp
http://www.sakunori.tokyo.jp/entry/toei/o/shinjuku.jp
http://www.sakunori.tokyo.jp/entry/toei/o/shiodome.jp
http://www.sakunori.tokyo.jp/entry/toei/o/tochomae/jp
http://www.sakunori.tokyo.jp/entry/toei/o/toshimaen.jp
http://www.sakunori.tokyo.jp/entry/toei/o/tsukijishijo.jp
http://www.sakunori.tokyo.jp/entry/toei/o/tsukishima.jp
http://www.sakunori.tokyo.jp/entry/toei/o/ueno-okachimachi.jp
http://www.sakunori.tokyo.jp/entry/toei/o/ushigome-kagurazaka.jp
http://www.sakunori.tokyo.jp/entry/toei/o/ushigome-yanagicho.jp
http://www.sakunori.tokyo.jp/entry/toei/o/wakamatsu-kawada.jp
http://www.sakunori.tokyo.jp/entry/toei/o/yoyogi.jp
http://www.sakunori.tokyo.jp/entry/toei/s/akebonobashi.jp
http://www.sakunori.tokyo.jp/entry/toei/s/bakuro-yokoyama.jp
http://www.sakunori.tokyo.jp/entry/toei/s/funabori.jp
http://www.sakunori.tokyo.jp/entry/toei/s/hamacho.jp
http://www.sakunori.tokyo.jp/entry/toei/s/higashi-ojima.jp
http://www.sakunori.tokyo.jp/entry/toei/s/ichigaya.jp
http://www.sakunori.tokyo.jp/entry/toei/s/ichinoe.jp
http://www.sakunori.tokyo.jp/entry/toei/s/iwamotocho.jp
http://www.sakunori.tokyo.jp/entry/toei/s/jimbocho.jp
http://www.sakunori.tokyo.jp/entry/toei/s/kikukawa.jp
http://www.sakunori.tokyo.jp/entry/toei/s/kudanshita.jp
http://www.sakunori.tokyo.jp/entry/toei/s/mizue.jp
http://www.sakunori.tokyo.jp/entry/toei/s/morishita.jp
http://www.sakunori.tokyo.jp/entry/toei/s/motoyawata.jp
http://www.sakunori.tokyo.jp/entry/toei/s/nishi-ojima.jp
http://www.sakunori.tokyo.jp/entry/toei/s/ogawamachi.jp
http://www.sakunori.tokyo.jp/entry/toei/s/ojima.jp
http://www.sakunori.tokyo.jp/entry/toei/s/shinjuku.jp
http://www.sakunori.tokyo.jp/entry/toei/s/shinozaki.jp
http://www.sakunori.tokyo.jp/entry/toei/s/sinjuku-sanchome.jp
http://www.sakunori.tokyo.jp/entry/toei/s/sumiyoshi.jp
http://www.sakunori.tokyo.jp/entry/tokaido.u.t.line2
http://www.sakunori.tokyo.jp/entry/tokyo.chuo
http://www.sakunori.tokyo.jp/entry/tokyo.chuo.start
http://www.sakunori.tokyo.jp/entry/tokyo.end.kb12
http://www.sakunori.tokyo.jp/entry/tokyo.end.kb34
http://www.sakunori.tokyo.jp/entry/tokyo.jo7/8
http://www.sakunori.tokyo.jp/entry/tokyo.jo9/10
http://www.sakunori.tokyo.jp/entry/tokyo.kh3
http://www.sakunori.tokyo.jp/entry/tokyo.kh6
http://www.sakunori.tokyo.jp/entry/tokyo.sob/yokosuka3.4
http://www.sakunori.tokyo.jp/entry/tokyo.sobu/yokosuka1.2
http://www.sakunori.tokyo.jp/entry/tokyo.start.kb12
http://www.sakunori.tokyo.jp/entry/tokyo.start.kb34
http://www.sakunori.tokyo.jp/entry/tokyo.tokaido9/10
http://www.sakunori.tokyo.jp/entry/tokyo.utline.7/8
http://www.sakunori.tokyo.jp/entry/tokyo.yamanote.5jpn
http://www.sakunori.tokyo.jp/entry/tokyo.yamnote.4jpn
http://www.sakunori.tokyo.jp/entry/ueno.jo11/12
http://www.sakunori.tokyo.jp/entry/ueno.jo6
http://www.sakunori.tokyo.jp/entry/ueno.jo9/u.t.line10
http://www.sakunori.tokyo.jp/entry/ueno.kh1
http://www.sakunori.tokyo.jp/entry/ueno.kh4
http://www.sakunori.tokyo.jp/entry/ueno.takasaki5
http://www.sakunori.tokyo.jp/entry/ueno.utline7
http://www.sakunori.tokyo.jp/entry/ueno.yamanote.2
http://www.sakunori.tokyo.jp/entry/ueno.yamanote.3
http://www.sakunori.tokyo.jp/entry/ueno/u.t.line8
http://www.sakunori.tokyo.jp/entry/ueno13
http://www.sakunori.tokyo.jp/entry/ueno14/15
http://www.sakunori.tokyo.jp/entry/uguisudani.kh1
http://www.sakunori.tokyo.jp/entry/uguisudani.kh4
http://www.sakunori.tokyo.jp/entry/uguisudani.yamanote2
http://www.sakunori.tokyo.jp/entry/uguisudani.yamanote3
http://www.sakunori.tokyo.jp/entry/ukimahunado1
http://www.sakunori.tokyo.jp/entry/ukimahunado2
http://www.sakunori.tokyo.jp/entry/yokosuka/soburapid.jpn
http://www.sakunori.tokyo.jp/entry/yotsuya.chuo1
http://www.sakunori.tokyo.jp/entry/yotsuya.chuo2
http://www.sakunori.tokyo.jp/entry/yotsuya.sobu3
http://www.sakunori.tokyo.jp/entry/yotsuya.sobu4
http://www.sakunori.tokyo.jp/entry/yoyogi.sobu3
http://www.sakunori.tokyo.jp/entry/yoyogi.sobu4
http://www.sakunori.tokyo.jp/entry/yoyogi.yamanote1
http://www.sakunori.tokyo.jp/entry/yoyogi.yamanote2
http://www.sakunori.tokyo.jp/entry/yurakucho.kh1
http://www.sakunori.tokyo.jp/entry/yurakucho.kh4
http://www.sakunori.tokyo.jp/entry/yurakucho.yamanote.2jpn
http://www.sakunori.tokyo.jp/entry/yurakucho.yamanote.3jpn
https://www.sakunori.tokyo.jp/entry/2018/04/21/200607
https://www.sakunori.tokyo.jp/entry/c/akasaka
https://www.sakunori.tokyo.jp/entry/c/ayase
https://www.sakunori.tokyo.jp/entry/c/hibiya
https://www.sakunori.tokyo.jp/entry/c/kasumigaseki
https://www.sakunori.tokyo.jp/entry/c/kita-senju
https://www.sakunori.tokyo.jp/entry/c/kokkai-gijidomae
https://www.sakunori.tokyo.jp/entry/c/machiya
https://www.sakunori.tokyo.jp/entry/c/meiji-jingumae
https://www.sakunori.tokyo.jp/entry/c/nezu
https://www.sakunori.tokyo.jp/entry/c/nijubashimae
https://www.sakunori.tokyo.jp/entry/c/nishi-nippori
https://www.sakunori.tokyo.jp/entry/c/nogizaka
https://www.sakunori.tokyo.jp/entry/c/omote-sando
https://www.sakunori.tokyo.jp/entry/c/otemachi
https://www.sakunori.tokyo.jp/entry/c/sendagi
https://www.sakunori.tokyo.jp/entry/c/shin-ochanomizu
https://www.sakunori.tokyo.jp/entry/c/yoyogi-koen
https://www.sakunori.tokyo.jp/entry/c/yoyogi-uehara
https://www.sakunori.tokyo.jp/entry/c/yushima
https://www.sakunori.tokyo.jp/entry/chuou.japanese
https://www.sakunori.tokyo.jp/entry/f/chikatetsu-akatsuka
https://www.sakunori.tokyo.jp/entry/f/chikatetsu-narimasu
https://www.sakunori.tokyo.jp/entry/f/heiwadai
https://www.sakunori.tokyo.jp/entry/f/higashi-shinjuku
https://www.sakunori.tokyo.jp/entry/f/hikawadai
https://www.sakunori.tokyo.jp/entry/f/ikebukuro
https://www.sakunori.tokyo.jp/entry/f/kanamecho
https://www.sakunori.tokyo.jp/entry/f/kita-sando
https://www.sakunori.tokyo.jp/entry/f/kotake-mukaihara
https://www.sakunori.tokyo.jp/entry/f/meiji-jingumae
https://www.sakunori.tokyo.jp/entry/f/nishi-waseda
https://www.sakunori.tokyo.jp/entry/f/senkawa
https://www.sakunori.tokyo.jp/entry/f/shibuya
https://www.sakunori.tokyo.jp/entry/f/shinjuku-sanchome
https://www.sakunori.tokyo.jp/entry/f/wakoshi
https://www.sakunori.tokyo.jp/entry/f/zoshigaya
https://www.sakunori.tokyo.jp/entry/fukutoshinline.eng
https://www.sakunori.tokyo.jp/entry/ginzaline.eng
https://www.sakunori.tokyo.jp/entry/h/akihabara
https://www.sakunori.tokyo.jp/entry/h/ebisu
https://www.sakunori.tokyo.jp/entry/h/ginza
https://www.sakunori.tokyo.jp/entry/h/hatchobori
https://www.sakunori.tokyo.jp/entry/h/hibiya
https://www.sakunori.tokyo.jp/entry/h/higashi-ginza
https://www.sakunori.tokyo.jp/entry/h/hiro-o
https://www.sakunori.tokyo.jp/entry/h/iriya
https://www.sakunori.tokyo.jp/entry/h/kamiyacho
https://www.sakunori.tokyo.jp/entry/h/kasumigaseki
https://www.sakunori.tokyo.jp/entry/h/kayabacho
https://www.sakunori.tokyo.jp/entry/h/kita-senju
https://www.sakunori.tokyo.jp/entry/h/kodemmacho
https://www.sakunori.tokyo.jp/entry/h/minami-senju
https://www.sakunori.tokyo.jp/entry/h/minowa
https://www.sakunori.tokyo.jp/entry/h/naka-meguro
https://www.sakunori.tokyo.jp/entry/h/naka-okachimachi
https://www.sakunori.tokyo.jp/entry/h/ningyocho
https://www.sakunori.tokyo.jp/entry/h/roppongi
https://www.sakunori.tokyo.jp/entry/h/tsukiji
https://www.sakunori.tokyo.jp/entry/h/ueno
https://www.sakunori.tokyo.jp/entry/joban.jpn
https://www.sakunori.tokyo.jp/entry/keihintohoku.japanese
https://www.sakunori.tokyo.jp/entry/keiyo.jpn
https://www.sakunori.tokyo.jp/entry/m/akasaka-mitsuke
https://www.sakunori.tokyo.jp/entry/m/awajicho
https://www.sakunori.tokyo.jp/entry/m/ginza
https://www.sakunori.tokyo.jp/entry/m/higashi-koenji
https://www.sakunori.tokyo.jp/entry/m/hongo-sanchome
https://www.sakunori.tokyo.jp/entry/m/ikebukuro
https://www.sakunori.tokyo.jp/entry/m/kasumigaseki
https://www.sakunori.tokyo.jp/entry/m/kokkai-gijidomae
https://www.sakunori.tokyo.jp/entry/m/korakuen
https://www.sakunori.tokyo.jp/entry/m/minami-asagaya
https://www.sakunori.tokyo.jp/entry/m/myogadani
https://www.sakunori.tokyo.jp/entry/m/nakano-sakaue
https://www.sakunori.tokyo.jp/entry/m/nishi-shinjuku
https://www.sakunori.tokyo.jp/entry/m/ochanomizu
https://www.sakunori.tokyo.jp/entry/m/ogikubo
https://www.sakunori.tokyo.jp/entry/m/otemachi
https://www.sakunori.tokyo.jp/entry/m/shin-koenji
https://www.sakunori.tokyo.jp/entry/m/shin-nakano
https://www.sakunori.tokyo.jp/entry/m/shin-otsuka
https://www.sakunori.tokyo.jp/entry/m/shinjuku
https://www.sakunori.tokyo.jp/entry/m/shinjuku-gyoemmae
https://www.sakunori.tokyo.jp/entry/m/shinjuku-sanchome
https://www.sakunori.tokyo.jp/entry/m/tokyo
https://www.sakunori.tokyo.jp/entry/m/yotsuya
https://www.sakunori.tokyo.jp/entry/m/yotsuya-sanchome
https://www.sakunori.tokyo.jp/entry/metro.chiyoda
https://www.sakunori.tokyo.jp/entry/metro.fukutoshin
https://www.sakunori.tokyo.jp/entry/metro.ginza
https://www.sakunori.tokyo.jp/entry/metro.hanzomon
https://www.sakunori.tokyo.jp/entry/metro.hibiya
https://www.sakunori.tokyo.jp/entry/metro.marunouchi
https://www.sakunori.tokyo.jp/entry/metro.namboku
https://www.sakunori.tokyo.jp/entry/metro.tozai
https://www.sakunori.tokyo.jp/entry/metro.yurakucho
https://www.sakunori.tokyo.jp/entry/n/akabane-iwabuchi
https://www.sakunori.tokyo.jp/entry/n/azabu-juban
https://www.sakunori.tokyo.jp/entry/n/hon-komagome
https://www.sakunori.tokyo.jp/entry/n/ichigaya
https://www.sakunori.tokyo.jp/entry/n/iidabashi
https://www.sakunori.tokyo.jp/entry/n/komagome
https://www.sakunori.tokyo.jp/entry/n/korakuen
https://www.sakunori.tokyo.jp/entry/n/meguro
https://www.sakunori.tokyo.jp/entry/n/nagatacho
https://www.sakunori.tokyo.jp/entry/n/nishigahara
https://www.sakunori.tokyo.jp/entry/n/oji
https://www.sakunori.tokyo.jp/entry/n/oji-kamiya
https://www.sakunori.tokyo.jp/entry/n/roppongi-itchome
https://www.sakunori.tokyo.jp/entry/n/shimo
https://www.sakunori.tokyo.jp/entry/n/shirokane-takanawa
https://www.sakunori.tokyo.jp/entry/n/shirokanedai
https://www.sakunori.tokyo.jp/entry/n/tameike-sanno
https://www.sakunori.tokyo.jp/entry/n/todaimae
https://www.sakunori.tokyo.jp/entry/n/yotsuya
https://www.sakunori.tokyo.jp/entry/saikyo.jpn
https://www.sakunori.tokyo.jp/entry/shonanshinjuku.jpn
https://www.sakunori.tokyo.jp/entry/sobuline/jpn
https://www.sakunori.tokyo.jp/entry/t/baraki-nakayama
https://www.sakunori.tokyo.jp/entry/t/gyotoku
https://www.sakunori.tokyo.jp/entry/t/iidabashi
https://www.sakunori.tokyo.jp/entry/t/kagurazaka
https://www.sakunori.tokyo.jp/entry/t/kasai
https://www.sakunori.tokyo.jp/entry/t/kayabacho
https://www.sakunori.tokyo.jp/entry/t/kiba
https://www.sakunori.tokyo.jp/entry/t/kudanshita
https://www.sakunori.tokyo.jp/entry/t/minami-gyotoku
https://www.sakunori.tokyo.jp/entry/t/minami-sunamachi
https://www.sakunori.tokyo.jp/entry/t/monzen-nakacho
https://www.sakunori.tokyo.jp/entry/t/myoden
https://www.sakunori.tokyo.jp/entry/t/nakano
https://www.sakunori.tokyo.jp/entry/t/nihombashi
https://www.sakunori.tokyo.jp/entry/t/nishi-funabashi
https://www.sakunori.tokyo.jp/entry/t/nishi-kasai
https://www.sakunori.tokyo.jp/entry/t/ochiai
https://www.sakunori.tokyo.jp/entry/t/otemachi
https://www.sakunori.tokyo.jp/entry/t/takadanobaba
https://www.sakunori.tokyo.jp/entry/t/takebashi
https://www.sakunori.tokyo.jp/entry/t/toyocho
https://www.sakunori.tokyo.jp/entry/t/urayasu
https://www.sakunori.tokyo.jp/entry/t/waseda
https://www.sakunori.tokyo.jp/entry/takasaki-tokaido.eng
https://www.sakunori.tokyo.jp/entry/takasaki/tokaido
https://www.sakunori.tokyo.jp/entry/toei.asakusaline
https://www.sakunori.tokyo.jp/entry/toei.asakusaline.eng
https://www.sakunori.tokyo.jp/entry/toei.mitaline
https://www.sakunori.tokyo.jp/entry/toei.oedoline
https://www.sakunori.tokyo.jp/entry/toei.shinjukuline
https://www.sakunori.tokyo.jp/entry/y/chikatetsu-akatsuka
https://www.sakunori.tokyo.jp/entry/y/chikatetsu-narimasu
https://www.sakunori.tokyo.jp/entry/y/edogawabashi
https://www.sakunori.tokyo.jp/entry/y/ginza-itchome
https://www.sakunori.tokyo.jp/entry/y/gokokuji
https://www.sakunori.tokyo.jp/entry/y/heiwadai
https://www.sakunori.tokyo.jp/entry/y/higashi-ikebukuro
https://www.sakunori.tokyo.jp/entry/y/hikawadai
https://www.sakunori.tokyo.jp/entry/y/ichigaya
https://www.sakunori.tokyo.jp/entry/y/iidabashi
https://www.sakunori.tokyo.jp/entry/y/ikebukuro
https://www.sakunori.tokyo.jp/entry/y/kanamecho
https://www.sakunori.tokyo.jp/entry/y/kojimachi
https://www.sakunori.tokyo.jp/entry/y/kotake-mukaihara
https://www.sakunori.tokyo.jp/entry/y/nagatacho
https://www.sakunori.tokyo.jp/entry/y/sakuradamon
https://www.sakunori.tokyo.jp/entry/y/senkawa
https://www.sakunori.tokyo.jp/entry/y/shin-kiba
https://www.sakunori.tokyo.jp/entry/y/shintomicho
https://www.sakunori.tokyo.jp/entry/y/tatsumi
https://www.sakunori.tokyo.jp/entry/y/toyosu
https://www.sakunori.tokyo.jp/entry/y/tsukishima
https://www.sakunori.tokyo.jp/entry/y/wakoshi
https://www.sakunori.tokyo.jp/entry/y/yurakucho
https://www.sakunori.tokyo.jp/entry/yamanote.japanese
https://www.sakunori.tokyo.jp/entry/yamanote/eng
https://www.sakunori.tokyo.jp/entry/yokosuka/soburapid.jpn
https://www.sakunori.tokyo.jp/entry/z/aoyama-itchome
https://www.sakunori.tokyo.jp/entry/z/hanzomon
https://www.sakunori.tokyo.jp/entry/z/jimbocho
https://www.sakunori.tokyo.jp/entry/z/kinshicho
https://www.sakunori.tokyo.jp/entry/z/kiyosumi-shirakawa
https://www.sakunori.tokyo.jp/entry/z/kudanshita
https://www.sakunori.tokyo.jp/entry/z/mitsukoshimae
https://www.sakunori.tokyo.jp/entry/z/nagatacho
https://www.sakunori.tokyo.jp/entry/z/omote-sando
https://www.sakunori.tokyo.jp/entry/z/oshiage
https://www.sakunori.tokyo.jp/entry/z/otemachi
https://www.sakunori.tokyo.jp/entry/z/shibuya
https://www.sakunori.tokyo.jp/entry/z/suitengumae
https://www.sakunori.tokyo.jp/entry/z/sumiyoshi
